{
  "type": "flow",
  "kind": "artifact",
  "metadata": {
    "trifactaVersion": "7.6.0+52.20200819171647.b26f63d",
    "exportedAt": "2020-09-08T09:53:56.517Z",
    "exportedBy": 16468,
    "uuid": "35fbf550-f1b9-11ea-9742-3f2bb43c750a",
    "comment": "undefined",
    "primaryFlowIds": [
      75565
    ],
    "edition": "SaaS",
    "lastMigration": "20200619000001"
  },
  "data": {
    "artifacts": [],
    "connections": [
      {
        "id": 27,
        "name": "Internal Analytics",
        "description": "Redshift Analytics Database",
        "type": "jdbc",
        "isGlobal": true,
        "credentialType": "iamRoleArn",
        "credentialsShared": true,
        "uuid": "197e83f0-3fab-11e9-a11e-4f3936ff407e",
        "disableTypeInference": false,
        "vendor": "redshift"
      }
    ],
    "flows": [
      {
        "settings": {
          "optimize": "default"
        },
        "id": 75565,
        "name": "Update Review Data",
        "description": "",
        "defaultOutputDir": null,
        "flownodes": [
          {
            "id": 291464,
            "scriptId": 279055,
            "flowNodeId": null,
            "wrangled": false,
            "referenceId": null
          },
          {
            "id": 291465,
            "scriptId": 279056,
            "flowNodeId": null,
            "wrangled": true,
            "referenceId": null
          }
        ],
        "notes": [],
        "flowgraphvertices": [
          {
            "id": 32533,
            "objectType": "flownode",
            "objectId": 291464,
            "x": 4,
            "y": 65
          },
          {
            "id": 32534,
            "objectType": "flownode",
            "objectId": 291465,
            "x": 244,
            "y": 65
          },
          {
            "id": 32538,
            "objectType": "outputobject",
            "objectId": 43252,
            "x": 484,
            "y": 65
          }
        ],
        "flowedges": [
          {
            "id": 210090,
            "inFlowNodeId": 291464,
            "inPortId": null,
            "outFlowNodeId": 291465,
            "outPortId": null
          }
        ],
        "references": [],
        "flowrunparameteroverrides": [],
        "runparameters": [],
        "recipes": [
          {
            "id": 279055,
            "name": "hotel_reviewdata",
            "description": null,
            "active": true,
            "nextPortId": 1,
            "steps": [
              {
                "columnMetadata": null,
                "task": {
                  "annotations": {
                    "outputColumnAnnotations": {
                      "column14": {
                        "type": [
                          "Datetime",
                          "yy-mm-dd hh:mm:ss",
                          "yyyy*mm*dd*HH:MM:SS"
                        ]
                      }
                    },
                    "hidden": true
                  },
                  "kind": "task",
                  "type": "Load",
                  "parameters": {
                    "format": {
                      "annotations": {
                        "columnAnnotations": {
                          "column2": {
                            "type": [
                              "Integer"
                            ]
                          },
                          "column3": {
                            "type": [
                              "Integer"
                            ]
                          },
                          "column4": {
                            "type": [
                              "Integer"
                            ]
                          },
                          "column5": {
                            "type": [
                              "String"
                            ]
                          },
                          "column6": {
                            "type": [
                              "Integer"
                            ]
                          },
                          "column7": {
                            "type": [
                              "String"
                            ]
                          },
                          "column8": {
                            "type": [
                              "Integer"
                            ]
                          },
                          "column9": {
                            "type": [
                              "Integer"
                            ]
                          },
                          "column10": {
                            "type": [
                              "Integer"
                            ]
                          },
                          "column11": {
                            "type": [
                              "Integer"
                            ]
                          },
                          "column12": {
                            "type": [
                              "Integer"
                            ]
                          },
                          "column13": {
                            "type": [
                              "String"
                            ]
                          },
                          "column15": {
                            "type": [
                              "Integer"
                            ]
                          },
                          "column16": {
                            "type": [
                              "String"
                            ]
                          }
                        }
                      },
                      "kind": "func",
                      "type": "FormatRecords",
                      "parameters": {
                        "columnNames": {
                          "kind": "array",
                          "type": "Array",
                          "value": [
                            {
                              "kind": "constant",
                              "type": "String",
                              "value": "column2"
                            },
                            {
                              "kind": "constant",
                              "type": "String",
                              "value": "column3"
                            },
                            {
                              "kind": "constant",
                              "type": "String",
                              "value": "column4"
                            },
                            {
                              "kind": "constant",
                              "type": "String",
                              "value": "column5"
                            },
                            {
                              "kind": "constant",
                              "type": "String",
                              "value": "column6"
                            },
                            {
                              "kind": "constant",
                              "type": "String",
                              "value": "column7"
                            },
                            {
                              "kind": "constant",
                              "type": "String",
                              "value": "column8"
                            },
                            {
                              "kind": "constant",
                              "type": "String",
                              "value": "column9"
                            },
                            {
                              "kind": "constant",
                              "type": "String",
                              "value": "column10"
                            },
                            {
                              "kind": "constant",
                              "type": "String",
                              "value": "column11"
                            },
                            {
                              "kind": "constant",
                              "type": "String",
                              "value": "column12"
                            },
                            {
                              "kind": "constant",
                              "type": "String",
                              "value": "column13"
                            },
                            {
                              "kind": "constant",
                              "type": "String",
                              "value": "column14"
                            },
                            {
                              "kind": "constant",
                              "type": "String",
                              "value": "column15"
                            },
                            {
                              "kind": "constant",
                              "type": "String",
                              "value": "column16"
                            }
                          ]
                        },
                        "columnTypes": {
                          "kind": "array",
                          "type": "Array",
                          "value": [
                            {
                              "kind": "array",
                              "type": "Array",
                              "value": [
                                {
                                  "kind": "constant",
                                  "type": "String",
                                  "value": "Integer"
                                }
                              ]
                            },
                            {
                              "kind": "array",
                              "type": "Array",
                              "value": [
                                {
                                  "kind": "constant",
                                  "type": "String",
                                  "value": "Integer"
                                }
                              ]
                            },
                            {
                              "kind": "array",
                              "type": "Array",
                              "value": [
                                {
                                  "kind": "constant",
                                  "type": "String",
                                  "value": "Integer"
                                }
                              ]
                            },
                            {
                              "kind": "array",
                              "type": "Array",
                              "value": [
                                {
                                  "kind": "constant",
                                  "type": "String",
                                  "value": "String"
                                }
                              ]
                            },
                            {
                              "kind": "array",
                              "type": "Array",
                              "value": [
                                {
                                  "kind": "constant",
                                  "type": "String",
                                  "value": "Integer"
                                }
                              ]
                            },
                            {
                              "kind": "array",
                              "type": "Array",
                              "value": [
                                {
                                  "kind": "constant",
                                  "type": "String",
                                  "value": "String"
                                }
                              ]
                            },
                            {
                              "kind": "array",
                              "type": "Array",
                              "value": [
                                {
                                  "kind": "constant",
                                  "type": "String",
                                  "value": "Integer"
                                }
                              ]
                            },
                            {
                              "kind": "array",
                              "type": "Array",
                              "value": [
                                {
                                  "kind": "constant",
                                  "type": "String",
                                  "value": "Integer"
                                }
                              ]
                            },
                            {
                              "kind": "array",
                              "type": "Array",
                              "value": [
                                {
                                  "kind": "constant",
                                  "type": "String",
                                  "value": "Integer"
                                }
                              ]
                            },
                            {
                              "kind": "array",
                              "type": "Array",
                              "value": [
                                {
                                  "kind": "constant",
                                  "type": "String",
                                  "value": "Integer"
                                }
                              ]
                            },
                            {
                              "kind": "array",
                              "type": "Array",
                              "value": [
                                {
                                  "kind": "constant",
                                  "type": "String",
                                  "value": "Integer"
                                }
                              ]
                            },
                            {
                              "kind": "array",
                              "type": "Array",
                              "value": [
                                {
                                  "kind": "constant",
                                  "type": "String",
                                  "value": "String"
                                }
                              ]
                            },
                            {
                              "kind": "array",
                              "type": "Array",
                              "value": [
                                {
                                  "kind": "constant",
                                  "type": "String",
                                  "value": "String"
                                }
                              ]
                            },
                            {
                              "kind": "array",
                              "type": "Array",
                              "value": [
                                {
                                  "kind": "constant",
                                  "type": "String",
                                  "value": "Integer"
                                }
                              ]
                            },
                            {
                              "kind": "array",
                              "type": "Array",
                              "value": [
                                {
                                  "kind": "constant",
                                  "type": "String",
                                  "value": "String"
                                }
                              ]
                            }
                          ]
                        },
                        "inputTypes": {
                          "kind": "array",
                          "type": "Array",
                          "value": [
                            {
                              "kind": "constant",
                              "type": "String",
                              "value": "int8"
                            },
                            {
                              "kind": "constant",
                              "type": "String",
                              "value": "int8"
                            },
                            {
                              "kind": "constant",
                              "type": "String",
                              "value": "int8"
                            },
                            {
                              "kind": "constant",
                              "type": "String",
                              "value": "varchar"
                            },
                            {
                              "kind": "constant",
                              "type": "String",
                              "value": "int8"
                            },
                            {
                              "kind": "constant",
                              "type": "String",
                              "value": "varchar"
                            },
                            {
                              "kind": "constant",
                              "type": "String",
                              "value": "int8"
                            },
                            {
                              "kind": "constant",
                              "type": "String",
                              "value": "int8"
                            },
                            {
                              "kind": "constant",
                              "type": "String",
                              "value": "int8"
                            },
                            {
                              "kind": "constant",
                              "type": "String",
                              "value": "int8"
                            },
                            {
                              "kind": "constant",
                              "type": "String",
                              "value": "int8"
                            },
                            {
                              "kind": "constant",
                              "type": "String",
                              "value": "varchar"
                            },
                            {
                              "kind": "constant",
                              "type": "String",
                              "value": "timestamp"
                            },
                            {
                              "kind": "constant",
                              "type": "String",
                              "value": "int8"
                            },
                            {
                              "kind": "constant",
                              "type": "String",
                              "value": "varchar"
                            }
                          ]
                        }
                      }
                    },
                    "location": {
                      "kind": "constant",
                      "type": "String",
                      "value": "id://150295"
                    },
                    "as": {
                      "kind": "array",
                      "type": "Array",
                      "value": [
                        {
                          "kind": "constant",
                          "type": "String",
                          "value": "column2"
                        },
                        {
                          "kind": "constant",
                          "type": "String",
                          "value": "column3"
                        },
                        {
                          "kind": "constant",
                          "type": "String",
                          "value": "column4"
                        },
                        {
                          "kind": "constant",
                          "type": "String",
                          "value": "column5"
                        },
                        {
                          "kind": "constant",
                          "type": "String",
                          "value": "column6"
                        },
                        {
                          "kind": "constant",
                          "type": "String",
                          "value": "column7"
                        },
                        {
                          "kind": "constant",
                          "type": "String",
                          "value": "column8"
                        },
                        {
                          "kind": "constant",
                          "type": "String",
                          "value": "column9"
                        },
                        {
                          "kind": "constant",
                          "type": "String",
                          "value": "column10"
                        },
                        {
                          "kind": "constant",
                          "type": "String",
                          "value": "column11"
                        },
                        {
                          "kind": "constant",
                          "type": "String",
                          "value": "column12"
                        },
                        {
                          "kind": "constant",
                          "type": "String",
                          "value": "column13"
                        },
                        {
                          "kind": "constant",
                          "type": "String",
                          "value": "column14"
                        },
                        {
                          "kind": "constant",
                          "type": "String",
                          "value": "column15"
                        },
                        {
                          "kind": "constant",
                          "type": "String",
                          "value": "column16"
                        }
                      ]
                    }
                  },
                  "outputName": "original_datasource_150295"
                },
                "tableData": null,
                "portId": null,
                "id": 1675658,
                "hash": "8dd71defc2d9e1323331050ed27d718da8e76f7a",
                "pbemappingartifacts": [],
                "targetmappingartifacts": [],
                "dependencies": []
              }
            ],
            "dqScriptRules": []
          },
          {
            "id": 279056,
            "name": "hotel_reviewdata – 2",
            "description": null,
            "active": true,
            "nextPortId": 1,
            "steps": [
              {
                "columnMetadata": {
                  "column2": {
                    "id": "9k55sqj"
                  },
                  "column3": {
                    "id": "9k55sqk"
                  },
                  "column4": {
                    "id": "9k55sql"
                  },
                  "column5": {
                    "id": "9k55sqm"
                  },
                  "column6": {
                    "id": "9k55sqn"
                  },
                  "column7": {
                    "id": "9k55sqo"
                  },
                  "column8": {
                    "id": "9k55sqp"
                  },
                  "column9": {
                    "id": "9k55sqq"
                  },
                  "column10": {
                    "id": "9mxuu5m"
                  },
                  "column11": {
                    "id": "9mxuu5n"
                  },
                  "column12": {
                    "id": "9mxuu5o"
                  },
                  "column13": {
                    "id": "9mxuu5p"
                  },
                  "column14": {
                    "id": "9mxuu5q"
                  },
                  "column15": {
                    "id": "9mxuu5r"
                  },
                  "column16": {
                    "id": "9mxuu5s"
                  }
                },
                "task": {
                  "annotations": {
                    "hidden": true
                  },
                  "kind": "task",
                  "type": "Load",
                  "parameters": {
                    "format": {
                      "annotations": {},
                      "kind": "func",
                      "type": "FormatBlob",
                      "parameters": {}
                    },
                    "location": {
                      "kind": "constant",
                      "type": "String",
                      "value": "portId://null"
                    },
                    "enableLineage": {
                      "kind": "constant",
                      "type": "Bool",
                      "value": true
                    },
                    "as": {
                      "kind": "array",
                      "type": "Array",
                      "value": [
                        {
                          "kind": "constant",
                          "type": "String",
                          "value": "column1"
                        }
                      ]
                    }
                  },
                  "outputName": "original_datasource_150295"
                },
                "tableData": null,
                "portId": null,
                "id": 1675660,
                "hash": "a9c20da339ad0d57ce4804ae4ec6bbd1db4fd3c6",
                "pbemappingartifacts": [],
                "targetmappingartifacts": [],
                "dependencies": []
              },
              {
                "columnMetadata": {},
                "task": {
                  "annotations": {},
                  "kind": "task",
                  "type": "Filter",
                  "parameters": {
                    "type": {
                      "kind": "bundle",
                      "type": "Bundle",
                      "value": "oneOf"
                    },
                    "col": {
                      "kind": "column",
                      "type": "Column",
                      "value": "column3",
                      "relation": null
                    },
                    "oneOf": {
                      "kind": "array",
                      "type": "Array",
                      "value": [
                        {
                          "kind": "constant",
                          "type": "Integer",
                          "value": 1
                        },
                        {
                          "kind": "constant",
                          "type": "Integer",
                          "value": 2
                        },
                        {
                          "kind": "constant",
                          "type": "Integer",
                          "value": 3
                        },
                        {
                          "kind": "constant",
                          "type": "Integer",
                          "value": 4
                        },
                        {
                          "kind": "constant",
                          "type": "Integer",
                          "value": 5
                        }
                      ]
                    },
                    "action": {
                      "kind": "enumerable",
                      "type": "Enumerable",
                      "value": "Keep"
                    }
                  },
                  "outputName": null
                },
                "tableData": null,
                "portId": null,
                "id": 1675673,
                "hash": "0d8549aabdb62f3905663384aa0314a73a310401",
                "pbemappingartifacts": [],
                "targetmappingartifacts": [],
                "dependencies": []
              },
              {
                "columnMetadata": {
                  "average_column3": {
                    "id": "-1mheeq0"
                  }
                },
                "task": {
                  "annotations": {
                    "outputColumnAnnotations": {
                      "average_column3": {
                        "type": [
                          "Float"
                        ]
                      }
                    }
                  },
                  "kind": "task",
                  "type": "Pivot",
                  "parameters": {
                    "limit": {
                      "kind": "constant",
                      "type": "Integer",
                      "value": 50
                    },
                    "col": {
                      "kind": "array",
                      "type": "Array",
                      "value": []
                    },
                    "group": {
                      "kind": "array",
                      "type": "Array",
                      "value": [
                        {
                          "kind": "column",
                          "type": "Column",
                          "value": "column6",
                          "relation": null
                        }
                      ]
                    },
                    "value": {
                      "kind": "array",
                      "type": "Array",
                      "value": [
                        {
                          "annotations": {},
                          "kind": "func",
                          "type": "Average",
                          "parameters": {
                            "col": {
                              "kind": "column",
                              "type": "Column",
                              "value": "column3",
                              "relation": null
                            }
                          },
                          "as": [
                            "average_column3"
                          ]
                        }
                      ]
                    },
                    "as": {
                      "kind": "array",
                      "type": "Array",
                      "value": [
                        {
                          "kind": "constant",
                          "type": "String",
                          "value": "average_column3"
                        }
                      ]
                    }
                  },
                  "outputName": null
                },
                "tableData": null,
                "portId": null,
                "id": 1675663,
                "hash": "b439fe1df591d8620f40655d3864ecd735c27da5",
                "pbemappingartifacts": [],
                "targetmappingartifacts": [],
                "dependencies": []
              },
              {
                "columnMetadata": {
                  "Review_Calc_date": {
                    "id": "5btsc7t"
                  }
                },
                "task": {
                  "annotations": {
                    "outputColumnAnnotations": {
                      "Review_Calc_date": {
                        "type": [
                          "Datetime",
                          "yy-mm-dd",
                          "yyyy*mm*dd"
                        ]
                      }
                    }
                  },
                  "kind": "task",
                  "type": "Derive",
                  "parameters": {
                    "type": {
                      "kind": "bundle",
                      "type": "Bundle",
                      "value": "single"
                    },
                    "value": {
                      "annotations": {},
                      "kind": "func",
                      "type": "Today",
                      "parameters": {
                        "timezone": {
                          "kind": "constant",
                          "type": "String",
                          "value": "America/New_York"
                        }
                      }
                    },
                    "as": {
                      "kind": "constant",
                      "type": "String",
                      "value": "Review_Calc_date"
                    }
                  },
                  "outputName": null
                },
                "tableData": null,
                "portId": null,
                "id": 1675849,
                "hash": "f801c3a6a198e6fc9234439139f96d1fdf81c95c",
                "pbemappingartifacts": [],
                "targetmappingartifacts": [],
                "dependencies": []
              }
            ],
            "dqScriptRules": []
          }
        ],
        "outputobjects": [
          {
            "id": 43252,
            "execution": "emrSpark",
            "profiler": true,
            "flowNodeId": 291465,
            "isAdhoc": true,
            "publications": [
              {
                "path": [
                  "dev"
                ],
                "parameters": {
                  "externalTableLocation": null,
                  "isDeltaTable": "false",
                  "isExternalTable": "false"
                },
                "id": 660,
                "tableName": "Final_updated_ReviewData",
                "targetType": "redshift",
                "action": "truncateAndLoad",
                "connectionId": 27,
                "runParameters": []
              }
            ],
            "writesettings": [],
            "outputobjectdataflowoptions": [],
            "outputobjectsparkoptions": []
          }
        ],
        "datasources": [
          {
            "path": "/dev/hotel_reviewdata/-1",
            "bucket": null,
            "userinfo": null,
            "type": "jdbc",
            "host": null,
            "isDynamicOrConverted": false,
            "id": 150295,
            "dynamicPath": null,
            "cpProject": null,
            "connectionId": 27,
            "isSchematized": true,
            "isDynamic": false,
            "isConverted": false,
            "disableTypeInference": true,
            "hasStructuring": false,
            "parsingScriptId": 279055,
            "relationalsource": {
              "relationalPath": [
                "dev"
              ],
              "columns": [
                "column2",
                "column3",
                "column4",
                "column5",
                "column6",
                "column7",
                "column8",
                "column9",
                "column10",
                "column11",
                "column12",
                "column13",
                "column14",
                "column15",
                "column16"
              ],
              "filter": null,
              "raw": null,
              "id": 673,
              "tableName": "hotel_reviewdata"
            },
            "storageLocation": {
              "fullUri": "{\"protocol\":\"jdbc\"}",
              "id": 793416,
              "path": "/dev/hotel_reviewdata/-1",
              "size": -1,
              "type": "jdbc",
              "bucket": null,
              "blobHost": null,
              "container": null,
              "hash": "d9acf3edc339adb9722d00ad787a5d209b47d68a",
              "host": null,
              "userinfo": null
            },
            "runParameters": []
          }
        ],
        "webhookflowtasks": []
      }
    ]
  },
  "hash": "WIUsXnWGmamxzwE9FRac6gMpdmhKJkwg"
}