{
  "type": "flow",
  "kind": "artifact",
  "metadata": {
    "trifactaVersion": "7.6.0+52.20200819171647.b26f63d",
    "exportedAt": "2020-09-08T09:53:51.651Z",
    "exportedBy": 16468,
    "uuid": "33157730-f1b9-11ea-8377-9786b02914f9",
    "comment": "undefined",
    "primaryFlowIds": [
      75562
    ],
    "edition": "SaaS",
    "lastMigration": "20200619000001"
  },
  "data": {
    "artifacts": [],
    "connections": [
      {
        "id": 27,
        "name": "Internal Analytics",
        "description": "Redshift Analytics Database",
        "type": "jdbc",
        "isGlobal": true,
        "credentialType": "iamRoleArn",
        "credentialsShared": true,
        "uuid": "197e83f0-3fab-11e9-a11e-4f3936ff407e",
        "disableTypeInference": false,
        "vendor": "redshift"
      }
    ],
    "flows": [
      {
        "settings": {
          "optimize": "default"
        },
        "id": 75562,
        "name": "Move Reviews from S3 to Redshift",
        "description": "",
        "defaultOutputDir": null,
        "flownodes": [
          {
            "id": 291454,
            "scriptId": 279046,
            "flowNodeId": null,
            "wrangled": true,
            "referenceId": null
          },
          {
            "id": 291463,
            "scriptId": 279054,
            "flowNodeId": null,
            "wrangled": false,
            "referenceId": null
          }
        ],
        "notes": [],
        "flowgraphvertices": [
          {
            "id": 32522,
            "objectType": "flownode",
            "objectId": 291454,
            "x": 244,
            "y": 65
          },
          {
            "id": 32532,
            "objectType": "flownode",
            "objectId": 291463,
            "x": 4,
            "y": 215
          },
          {
            "id": 32526,
            "objectType": "outputobject",
            "objectId": 43250,
            "x": 484,
            "y": 65
          }
        ],
        "flowedges": [
          {
            "id": 210089,
            "inFlowNodeId": 291463,
            "inPortId": null,
            "outFlowNodeId": 291454,
            "outPortId": null
          }
        ],
        "references": [],
        "flowrunparameteroverrides": [],
        "runparameters": [
          {
            "id": 850,
            "type": "path",
            "runParameterEdit": {
              "insertionIndices": [],
              "value": {
                "variable": {
                  "value": "01"
                }
              },
              "id": 1248,
              "overrideKey": "review_month"
            }
          },
          {
            "id": 851,
            "type": "path",
            "runParameterEdit": {
              "insertionIndices": [],
              "value": {
                "variable": {
                  "value": "2006"
                }
              },
              "id": 1249,
              "overrideKey": "review_year"
            }
          },
          {
            "id": 852,
            "type": "path",
            "runParameterEdit": {
              "insertionIndices": [],
              "value": {
                "variable": {
                  "value": "01"
                }
              },
              "id": 1250,
              "overrideKey": "review_date"
            }
          }
        ],
        "recipes": [
          {
            "id": 279046,
            "name": "ReviewData",
            "description": null,
            "active": true,
            "nextPortId": 1,
            "steps": [
              {
                "columnMetadata": {
                  "column2": {
                    "id": "4shnnz1"
                  },
                  "column3": {
                    "id": "4shnnz2"
                  },
                  "column4": {
                    "id": "4shnnz3"
                  },
                  "column5": {
                    "id": "4shnnz4"
                  },
                  "column6": {
                    "id": "4shnnz5"
                  },
                  "column7": {
                    "id": "4shnnz6"
                  },
                  "column8": {
                    "id": "4shnnz7"
                  },
                  "column9": {
                    "id": "4shnnz8"
                  },
                  "column10": {
                    "id": "47rwp1o"
                  },
                  "column11": {
                    "id": "47rwp1p"
                  },
                  "column12": {
                    "id": "47rwp1q"
                  },
                  "column13": {
                    "id": "47rwp1r"
                  },
                  "column14": {
                    "id": "47rwp1s"
                  },
                  "column15": {
                    "id": "47rwp1t"
                  },
                  "column16": {
                    "id": "47rwp1u"
                  },
                  "TRIFACTA__FILE_LINEAGE_INFO": {
                    "id": "2zjr1ew"
                  }
                },
                "task": {
                  "annotations": {
                    "hidden": true
                  },
                  "kind": "task",
                  "type": "Load",
                  "parameters": {
                    "format": {
                      "annotations": {},
                      "kind": "func",
                      "type": "FormatBlob",
                      "parameters": {}
                    },
                    "location": {
                      "kind": "constant",
                      "type": "String",
                      "value": "portId://null"
                    },
                    "enableLineage": {
                      "kind": "constant",
                      "type": "Bool",
                      "value": true
                    },
                    "as": {
                      "kind": "array",
                      "type": "Array",
                      "value": [
                        {
                          "kind": "constant",
                          "type": "String",
                          "value": "column1"
                        }
                      ]
                    }
                  },
                  "outputName": "original_datasource_150288"
                },
                "tableData": null,
                "portId": null,
                "id": 1675629,
                "hash": "40fc29653a4948660d76d9764244ec5d91777244",
                "pbemappingartifacts": [],
                "targetmappingartifacts": [],
                "dependencies": []
              },
              {
                "columnMetadata": {},
                "task": {
                  "annotations": {},
                  "kind": "task",
                  "type": "DateFormat",
                  "parameters": {
                    "col": {
                      "kind": "array",
                      "type": "Array",
                      "value": [
                        {
                          "kind": "column",
                          "type": "Column",
                          "value": "column14",
                          "relation": null
                        }
                      ]
                    },
                    "type": {
                      "kind": "bundle",
                      "type": "Bundle",
                      "value": "ddmmcommondatedash"
                    }
                  },
                  "outputName": null
                },
                "tableData": null,
                "portId": null,
                "id": 1675812,
                "hash": "37a885e050ee2395bec568dbb7f00761c317da57",
                "pbemappingartifacts": [],
                "targetmappingartifacts": [],
                "dependencies": []
              },
              {
                "columnMetadata": {
                  "Valid_entry?": {
                    "id": "1wladt1"
                  }
                },
                "task": {
                  "annotations": {
                    "outputColumnAnnotations": {
                      "Valid_entry?": {
                        "type": [
                          "Bool"
                        ],
                        "_likely_types": [
                          [
                            "Bool"
                          ],
                          [
                            "String"
                          ],
                          [
                            "Integer"
                          ],
                          [
                            "Phone"
                          ],
                          [
                            "SSN"
                          ]
                        ]
                      }
                    }
                  },
                  "kind": "task",
                  "type": "Derive",
                  "parameters": {
                    "type": {
                      "kind": "bundle",
                      "type": "Bundle",
                      "value": "single"
                    },
                    "value": {
                      "annotations": {
                        "infix": false,
                        "parenthetical": false
                      },
                      "kind": "func",
                      "type": "GreaterThanEqual",
                      "parameters": {
                        "lhs": {
                          "kind": "column",
                          "type": "Column",
                          "value": "column14",
                          "relation": null
                        },
                        "rhs": {
                          "annotations": {},
                          "kind": "func",
                          "type": "Date",
                          "parameters": {
                            "year": {
                              "kind": "variable",
                              "type": "Variable",
                              "value": "review_year"
                            },
                            "month": {
                              "kind": "variable",
                              "type": "Variable",
                              "value": "review_month"
                            },
                            "date": {
                              "kind": "variable",
                              "type": "Variable",
                              "value": "review_date"
                            }
                          }
                        }
                      }
                    },
                    "as": {
                      "kind": "constant",
                      "type": "String",
                      "value": "Valid_entry?"
                    }
                  },
                  "outputName": null
                },
                "tableData": null,
                "portId": null,
                "id": 1675840,
                "hash": "50af05d2be7a56c3f9578df029989d6566aa8dd0",
                "pbemappingartifacts": [],
                "targetmappingartifacts": [],
                "dependencies": []
              },
              {
                "columnMetadata": {
                  "TRIFACTA__LINEAGE_INFO": {
                    "id": "8jrad11"
                  }
                },
                "task": {
                  "annotations": {},
                  "kind": "task",
                  "type": "Filter",
                  "parameters": {
                    "type": {
                      "kind": "bundle",
                      "type": "Bundle",
                      "value": "oneOf"
                    },
                    "col": {
                      "kind": "column",
                      "type": "Column",
                      "value": "Valid_entry?",
                      "relation": null
                    },
                    "oneOf": {
                      "kind": "array",
                      "type": "Array",
                      "value": [
                        {
                          "kind": "constant",
                          "type": "Bool",
                          "value": true
                        }
                      ]
                    },
                    "action": {
                      "kind": "enumerable",
                      "type": "Enumerable",
                      "value": "Keep"
                    }
                  },
                  "outputName": null
                },
                "tableData": null,
                "portId": null,
                "id": 1675842,
                "hash": "4daee1b8696da1bd50cf245341b341fccf6d924b",
                "pbemappingartifacts": [],
                "targetmappingartifacts": [],
                "dependencies": []
              }
            ],
            "dqScriptRules": []
          },
          {
            "id": 279054,
            "name": "Raw_ReviewData.csv",
            "description": null,
            "active": true,
            "nextPortId": 1,
            "steps": [
              {
                "columnMetadata": null,
                "task": {
                  "annotations": {
                    "hidden": true
                  },
                  "kind": "task",
                  "type": "Load",
                  "parameters": {
                    "format": {
                      "annotations": {},
                      "kind": "func",
                      "type": "FormatBlob",
                      "parameters": {}
                    },
                    "location": {
                      "kind": "constant",
                      "type": "String",
                      "value": "id://150293"
                    },
                    "enableLineage": {
                      "kind": "constant",
                      "type": "Bool",
                      "value": true
                    },
                    "as": {
                      "kind": "array",
                      "type": "Array",
                      "value": [
                        {
                          "kind": "constant",
                          "type": "String",
                          "value": "column1"
                        }
                      ]
                    }
                  },
                  "outputName": "original_datasource_150293"
                },
                "tableData": null,
                "portId": null,
                "id": 1675653,
                "hash": "94bf6bdad175f69ec8130f37eac01be75a7251f5",
                "pbemappingartifacts": [],
                "targetmappingartifacts": [],
                "dependencies": []
              },
              {
                "columnMetadata": null,
                "task": {
                  "annotations": {
                    "outputColumnAnnotations": {
                      "column1": {
                        "type": [
                          "String"
                        ],
                        "_likely_types": [
                          [
                            "String"
                          ],
                          [
                            "Integer"
                          ],
                          [
                            "Phone"
                          ],
                          [
                            "SSN"
                          ],
                          [
                            "Map"
                          ]
                        ]
                      }
                    }
                  },
                  "kind": "task",
                  "type": "SplitRows",
                  "parameters": {
                    "on": {
                      "kind": "constant",
                      "type": "String",
                      "value": "\n"
                    },
                    "col": {
                      "kind": "column",
                      "type": "Column",
                      "value": "column1",
                      "relation": null
                    },
                    "quote": {
                      "kind": "constant",
                      "type": "String",
                      "value": "\""
                    },
                    "quoteEscapeChar": {
                      "kind": "constant",
                      "type": "String",
                      "value": "\""
                    }
                  },
                  "outputName": null
                },
                "tableData": null,
                "portId": null,
                "id": 1675652,
                "hash": "5e0dbcfc803cc40c01c0298ba18470aabb16ab81",
                "pbemappingartifacts": [],
                "targetmappingartifacts": [],
                "dependencies": []
              },
              {
                "columnMetadata": null,
                "task": {
                  "annotations": {
                    "outputColumnAnnotations": {
                      "column2": {
                        "type": [
                          "Integer"
                        ],
                        "_likely_types": [
                          [
                            "Integer"
                          ],
                          [
                            "Float"
                          ],
                          [
                            "String"
                          ],
                          [
                            "Phone"
                          ],
                          [
                            "SSN"
                          ]
                        ]
                      },
                      "column3": {
                        "type": [
                          "Integer"
                        ],
                        "_likely_types": [
                          [
                            "Integer"
                          ],
                          [
                            "Float"
                          ],
                          [
                            "String"
                          ],
                          [
                            "Phone"
                          ],
                          [
                            "SSN"
                          ]
                        ]
                      },
                      "column4": {
                        "type": [
                          "Integer"
                        ],
                        "_likely_types": [
                          [
                            "Integer"
                          ],
                          [
                            "Float"
                          ],
                          [
                            "String"
                          ],
                          [
                            "Phone"
                          ],
                          [
                            "SSN"
                          ]
                        ]
                      },
                      "column5": {
                        "type": [
                          "String"
                        ],
                        "_likely_types": [
                          [
                            "String"
                          ],
                          [
                            "Integer"
                          ],
                          [
                            "Phone"
                          ],
                          [
                            "SSN"
                          ],
                          [
                            "Map"
                          ]
                        ]
                      },
                      "column6": {
                        "type": [
                          "Integer"
                        ],
                        "_likely_types": [
                          [
                            "Integer"
                          ],
                          [
                            "Float"
                          ],
                          [
                            "String"
                          ],
                          [
                            "Phone"
                          ],
                          [
                            "SSN"
                          ]
                        ]
                      },
                      "column7": {
                        "type": [
                          "String"
                        ],
                        "_likely_types": [
                          [
                            "String"
                          ],
                          [
                            "Integer"
                          ],
                          [
                            "Phone"
                          ],
                          [
                            "SSN"
                          ],
                          [
                            "Map"
                          ]
                        ]
                      },
                      "column8": {
                        "type": [
                          "Integer"
                        ],
                        "_likely_types": [
                          [
                            "Integer"
                          ],
                          [
                            "Float"
                          ],
                          [
                            "String"
                          ],
                          [
                            "Phone"
                          ],
                          [
                            "SSN"
                          ]
                        ]
                      },
                      "column9": {
                        "type": [
                          "Integer"
                        ],
                        "_likely_types": [
                          [
                            "Integer"
                          ],
                          [
                            "Float"
                          ],
                          [
                            "String"
                          ],
                          [
                            "Phone"
                          ],
                          [
                            "SSN"
                          ]
                        ]
                      },
                      "column10": {
                        "type": [
                          "Integer"
                        ],
                        "_likely_types": [
                          [
                            "Integer"
                          ],
                          [
                            "Float"
                          ],
                          [
                            "String"
                          ],
                          [
                            "Phone"
                          ],
                          [
                            "SSN"
                          ]
                        ]
                      },
                      "column11": {
                        "type": [
                          "Integer"
                        ],
                        "_likely_types": [
                          [
                            "Integer"
                          ],
                          [
                            "Float"
                          ],
                          [
                            "String"
                          ],
                          [
                            "Phone"
                          ],
                          [
                            "SSN"
                          ]
                        ]
                      },
                      "column12": {
                        "type": [
                          "Integer"
                        ],
                        "_likely_types": [
                          [
                            "Integer"
                          ],
                          [
                            "Float"
                          ],
                          [
                            "String"
                          ],
                          [
                            "Phone"
                          ],
                          [
                            "SSN"
                          ]
                        ]
                      },
                      "column13": {
                        "type": [
                          "String"
                        ],
                        "_likely_types": [
                          [
                            "String"
                          ],
                          [
                            "Integer"
                          ],
                          [
                            "Phone"
                          ],
                          [
                            "SSN"
                          ],
                          [
                            "Map"
                          ]
                        ]
                      },
                      "column14": {
                        "type": [
                          "Datetime",
                          "dd-mm-yy",
                          "dd*shortMonth*yy"
                        ],
                        "_likely_types": [
                          [
                            "Datetime",
                            "dd-mm-yy",
                            "dd*shortMonth*yy"
                          ],
                          [
                            "String"
                          ],
                          [
                            "Integer"
                          ],
                          [
                            "Phone"
                          ],
                          [
                            "SSN"
                          ]
                        ]
                      },
                      "column15": {
                        "type": [
                          "Integer"
                        ],
                        "_likely_types": [
                          [
                            "Integer"
                          ],
                          [
                            "Float"
                          ],
                          [
                            "String"
                          ],
                          [
                            "Phone"
                          ],
                          [
                            "SSN"
                          ]
                        ]
                      },
                      "column16": {
                        "type": [
                          "String"
                        ],
                        "_likely_types": [
                          [
                            "String"
                          ],
                          [
                            "Integer"
                          ],
                          [
                            "Phone"
                          ],
                          [
                            "SSN"
                          ],
                          [
                            "Map"
                          ]
                        ]
                      }
                    }
                  },
                  "kind": "task",
                  "type": "Split",
                  "parameters": {
                    "col": {
                      "kind": "column",
                      "type": "Column",
                      "value": "column1",
                      "relation": null
                    },
                    "type": {
                      "kind": "bundle",
                      "type": "Bundle",
                      "value": "on"
                    },
                    "on": {
                      "kind": "constant",
                      "type": "String",
                      "value": ","
                    },
                    "limit": {
                      "kind": "constant",
                      "type": "Integer",
                      "value": 14
                    },
                    "quote": {
                      "kind": "constant",
                      "type": "String",
                      "value": "\""
                    },
                    "as": {
                      "kind": "array",
                      "type": "Array",
                      "value": [
                        {
                          "kind": "constant",
                          "type": "String",
                          "value": "column2"
                        },
                        {
                          "kind": "constant",
                          "type": "String",
                          "value": "column3"
                        },
                        {
                          "kind": "constant",
                          "type": "String",
                          "value": "column4"
                        },
                        {
                          "kind": "constant",
                          "type": "String",
                          "value": "column5"
                        },
                        {
                          "kind": "constant",
                          "type": "String",
                          "value": "column6"
                        },
                        {
                          "kind": "constant",
                          "type": "String",
                          "value": "column7"
                        },
                        {
                          "kind": "constant",
                          "type": "String",
                          "value": "column8"
                        },
                        {
                          "kind": "constant",
                          "type": "String",
                          "value": "column9"
                        },
                        {
                          "kind": "constant",
                          "type": "String",
                          "value": "column10"
                        },
                        {
                          "kind": "constant",
                          "type": "String",
                          "value": "column11"
                        },
                        {
                          "kind": "constant",
                          "type": "String",
                          "value": "column12"
                        },
                        {
                          "kind": "constant",
                          "type": "String",
                          "value": "column13"
                        },
                        {
                          "kind": "constant",
                          "type": "String",
                          "value": "column14"
                        },
                        {
                          "kind": "constant",
                          "type": "String",
                          "value": "column15"
                        },
                        {
                          "kind": "constant",
                          "type": "String",
                          "value": "column16"
                        }
                      ]
                    }
                  },
                  "outputName": null
                },
                "tableData": null,
                "portId": null,
                "id": 1675654,
                "hash": "89c5692a08463c7ab45cc27cf091625b9d18f7ca",
                "pbemappingartifacts": [],
                "targetmappingartifacts": [],
                "dependencies": []
              }
            ],
            "dqScriptRules": []
          }
        ],
        "outputobjects": [
          {
            "id": 43250,
            "execution": "emrSpark",
            "profiler": true,
            "flowNodeId": 291454,
            "isAdhoc": true,
            "publications": [
              {
                "path": [
                  "dev"
                ],
                "parameters": {
                  "externalTableLocation": null,
                  "isDeltaTable": "false",
                  "isExternalTable": "false"
                },
                "id": 662,
                "tableName": "Hotel_ReviewData",
                "targetType": "redshift",
                "action": "truncateAndLoad",
                "connectionId": 27,
                "runParameters": []
              }
            ],
            "writesettings": [],
            "outputobjectdataflowoptions": [],
            "outputobjectsparkoptions": []
          }
        ],
        "datasources": [
          {
            "path": "/trifacta-saas/7547/16468/queryResults/ngrewal@trifacta.com/Raw_ReviewData.csv",
            "bucket": "3fac-client-logs-oregon",
            "userinfo": null,
            "type": "s3",
            "host": null,
            "isDynamicOrConverted": false,
            "id": 150293,
            "dynamicPath": null,
            "cpProject": null,
            "connectionId": null,
            "isSchematized": true,
            "isDynamic": false,
            "isConverted": false,
            "disableTypeInference": false,
            "hasStructuring": true,
            "parsingScriptId": 279054,
            "storageLocation": {
              "fullUri": "s3://3fac-client-logs-oregon/trifacta-saas/7547/16468/queryResults/ngrewal@trifacta.com/Raw_ReviewData.csv",
              "id": 793402,
              "path": "/trifacta-saas/7547/16468/queryResults/ngrewal@trifacta.com/Raw_ReviewData.csv",
              "size": 111125,
              "type": "s3",
              "bucket": "3fac-client-logs-oregon",
              "blobHost": null,
              "container": null,
              "hash": "5bb16b77b6e72525a36027654d9b389a740f2a3d",
              "host": null,
              "userinfo": null
            },
            "runParameters": []
          }
        ],
        "webhookflowtasks": []
      }
    ]
  },
  "hash": "RRVdEZ9OxcpVPDtrXHdPSWA/0c8FKCU4"
}